seed,model,trial,tau1,tau2,rmse_val,mae_val,r2_val,rmse_test,mae_test,r2_test
1,OLS,,,,1.006856,0.802035,-0.004191,1.024136,0.816284,-0.026087
1,Unreg,,0,0,0.973130,0.776527,0.060205,0.970033,0.773470,0.075919
1,Reg,0,118070,3.03792e+07,0.973038,0.776470,0.060163,0.970187,0.773677,0.075440
